<?xml version="1.0" encoding="utf-8"?>
<familyset version="22">
    <family name="sans-serif">
        <font weight="400" style="normal">Roboto-Black.ttf</font>
        <font weight="400" style="normal">Roboto-BlackItalic.ttf</font>
        <font weight="400" style="normal">Roboto-Bold.ttf</font>
        <font weight="400" style="normal">Roboto-BoldCondensed.ttf</font>
        <font weight="400" style="normal">Roboto-BoldCondensedItalic.ttf</font>
        <font weight="400" style="normal">Roboto-BoldItalic.ttf</font>
        <font weight="400" style="normal">Roboto-Condensed.ttf</font>
        <font weight="400" style="normal">Roboto-CondensedItalic.ttf</font>
        <font weight="400" style="normal">Roboto-Italic.ttf</font>
        <font weight="400" style="normal">Roboto-Light.ttf</font>
        <font weight="400" style="normal">Roboto-LightItalic.ttf</font>
        <font weight="400" style="normal">Roboto-Medium.ttf</font>
        <font weight="400" style="normal">Roboto-MediumItalic.ttf</font>
        <font weight="400" style="normal">Roboto-Regular.ttf</font>
        <font weight="400" style="normal">Roboto-Thin.ttf</font>
        <font weight="400" style="normal">Roboto-ThinItalic.ttf</font>
    </family>

    <alias name="sans-serif-thin" to="sans-serif" weight="100" />
    <alias name="sans-serif-light" to="sans-serif" weight="300" />
    <alias name="sans-serif-medium" to="sans-serif" weight="500" />
    <alias name="sans-serif-black" to="sans-serif" weight="900" />
    <alias name="arial" to="sans-serif" />
    <alias name="helvetica" to="sans-serif" />
    <alias name="tahoma" to="sans-serif" />
    <alias name="verdana" to="sans-serif" />
    <alias name="sans-serif-condensed" to="sans-serif" />
</familyset>
